[{"id":"user-image-542689.png","publicUrl":"np://user.desktop.nicepage.com/Site_253326646/images/542689.png","size":1731,"hash":"ctr3nUQKtqpakt950laXL2mvUwM=","fileName":"542689.png","name":"542689","width":128,"height":128,"thumbnail":{"url":"np://user.desktop.nicepage.com/Site_253326646/images/thumbnails/542689.png","width":128,"height":128,"length":1731,"type":"png"},"folderId":null,"usages":["995620922","736305336"]},{"id":"user-image-1257.png","publicUrl":"np://user.desktop.nicepage.com/Site_253326646/images/1257.png","size":2061,"hash":"YyIgpDpRhQ1ECzztqklefz31Hxk=","fileName":"1257.png","name":"1257","width":128,"height":128,"thumbnail":{"url":"np://user.desktop.nicepage.com/Site_253326646/images/thumbnails/1257.png","width":128,"height":128,"length":2061,"type":"png"},"folderId":null,"usages":["995620922","736305336"]},{"id":"user-image-3781677.png","publicUrl":"np://user.desktop.nicepage.com/Site_253326646/images/3781677.png","size":4110,"hash":"dUcQXjJ8T5k7rnKIgL/Zso+eAwg=","fileName":"3781677.png","name":"3781677","width":128,"height":128,"thumbnail":{"url":"np://user.desktop.nicepage.com/Site_253326646/images/thumbnails/3781677.png","width":128,"height":128,"length":4110,"type":"png"},"folderId":null,"usages":["995620922","736305336"]},{"id":"user-image-Sweetroll.png","publicUrl":"np://user.desktop.nicepage.com/Site_253326646/images/Sweetroll.png","size":484743,"hash":"VD3lvoEDz6AxUx2vgeXWwoJtE10=","fileName":"Sweetroll.png","name":"Sweetroll","width":1884,"height":914,"thumbnail":{"url":"np://user.desktop.nicepage.com/Site_253326646/images/thumbnails/Sweetroll.png","width":250,"height":121},"folderId":null,"usages":["995620922"]},{"id":"user-image-17240860548468c7on0hr.jpg","publicUrl":"np://user.desktop.nicepage.com/Site_253326646/images/17240860548468c7on0hr.jpg","size":132447,"hash":"Wi/I7slIo9VizkoWUtl3oY5paTs=","fileName":"17240860548468c7on0hr.jpg","name":"17240860548468c7on0hr","width":1024,"height":1024,"thumbnail":{"url":"np://user.desktop.nicepage.com/Site_253326646/images/thumbnails/17240860548468c7on0hr.jpg","width":250,"height":250},"folderId":null,"usages":["995620922","736305336"]},{"id":"user-image-w4-min.jpg","publicUrl":"np://user.desktop.nicepage.com/Site_253326646/images/w4-min.jpg","size":462986,"hash":"fqH9Gbga2Ye5QiJ+uFE/Iaueclg=","fileName":"w4-min.jpg","name":"w4-min","width":1980,"height":806,"thumbnail":{"url":"np://user.desktop.nicepage.com/Site_253326646/images/thumbnails/w4-min.jpg","width":250,"height":102},"folderId":null,"originalUrl":"//images03.nicepage.com/c461c07a441a5d220e8feb1a/1d7522477e8255a697949ad4/w4-min.jpg?version=","usages":["995620922","736305336"]},{"id":"user-image-rounded-corner-business-cards-mockup_358694-108.jpg","publicUrl":"np://user.desktop.nicepage.com/Site_253326646/images/rounded-corner-business-cards-mockup_358694-108.jpg","size":46078,"hash":"gjX+DwqchHytynDI4vxVGzAN0KQ=","fileName":"rounded-corner-business-cards-mockup_358694-108.jpg","name":"rounded-corner-business-cards-mockup_358694-108","width":626,"height":417,"thumbnail":{"url":"np://user.desktop.nicepage.com/Site_253326646/images/thumbnails/rounded-corner-business-cards-mockup_358694-108.jpg","width":250,"height":167},"folderId":null,"originalUrl":"//images03.nicepage.com/c461c07a441a5d220e8feb1a/dd72e366e32a571ba4c46256/rounded-corner-business-cards-mockup_358694-108.jpg","usages":["995620922"]},{"id":"user-image-black-white-business-card-mockup-design_47987-2181.jpg","publicUrl":"np://user.desktop.nicepage.com/Site_253326646/images/black-white-business-card-mockup-design_47987-2181.jpg","size":40702,"hash":"FVJoYmp3vedCOQbpHnnCBDHGXEQ=","fileName":"black-white-business-card-mockup-design_47987-2181.jpg","name":"black-white-business-card-mockup-design_47987-2181","width":626,"height":469,"thumbnail":{"url":"np://user.desktop.nicepage.com/Site_253326646/images/thumbnails/black-white-business-card-mockup-design_47987-2181.jpg","width":250,"height":187},"folderId":null,"originalUrl":"//images03.nicepage.com/c461c07a441a5d220e8feb1a/e29713a4ecc85f95b375c1a1/black-white-business-card-mockup-design_47987-2181.jpg","usages":["995620922"]},{"id":"user-image-mock-up-logo-design-business-white-paper_23-2148834253.jpg","publicUrl":"np://user.desktop.nicepage.com/Site_253326646/images/mock-up-logo-design-business-white-paper_23-2148834253.jpg","size":63652,"hash":"f1K+IoipgS/QtyFbv0rScCrBOfY=","fileName":"mock-up-logo-design-business-white-paper_23-2148834253.jpg","name":"mock-up-logo-design-business-white-paper_23-2148834253","width":626,"height":417,"thumbnail":{"url":"np://user.desktop.nicepage.com/Site_253326646/images/thumbnails/mock-up-logo-design-business-white-paper_23-2148834253.jpg","width":250,"height":167},"folderId":null,"originalUrl":"//images03.nicepage.com/c461c07a441a5d220e8feb1a/0b2f72c776105094884d9457/mock-up-logo-design-business-white-paper_23-2148834253.jpg","usages":["995620922"]},{"id":"user-image-3d-lion-logo-mockup_145275-144.jpg","publicUrl":"np://user.desktop.nicepage.com/Site_253326646/images/3d-lion-logo-mockup_145275-144.jpg","size":54595,"hash":"9UQkLBnKFs/+6HrzLkzQHOlgx+U=","fileName":"3d-lion-logo-mockup_145275-144.jpg","name":"3d-lion-logo-mockup_145275-144","width":626,"height":417,"thumbnail":{"url":"np://user.desktop.nicepage.com/Site_253326646/images/thumbnails/3d-lion-logo-mockup_145275-144.jpg","width":250,"height":167},"folderId":null,"originalUrl":"//images03.nicepage.com/c461c07a441a5d220e8feb1a/43b79bf8d0ae5d5fbfdd81d8/3d-lion-logo-mockup_145275-144.jpg","usages":["995620922"]},{"id":"user-image-logo-mockup-luxury-black-facade-sign_145275-288.jpg","publicUrl":"np://user.desktop.nicepage.com/Site_253326646/images/logo-mockup-luxury-black-facade-sign_145275-288.jpg","size":35564,"hash":"bgSIbPPFoFK6PnL2ZzsGCzcwScA=","fileName":"logo-mockup-luxury-black-facade-sign_145275-288.jpg","name":"logo-mockup-luxury-black-facade-sign_145275-288","width":626,"height":417,"thumbnail":{"url":"np://user.desktop.nicepage.com/Site_253326646/images/thumbnails/logo-mockup-luxury-black-facade-sign_145275-288.jpg","width":250,"height":167},"folderId":null,"originalUrl":"//images03.nicepage.com/c461c07a441a5d220e8feb1a/b4dfb8b00d5d5b8bba7df721/logo-mockup-luxury-black-facade-sign_145275-288.jpg","usages":["995620922"]},{"id":"user-image-rr.jpg","publicUrl":"np://user.desktop.nicepage.com/Site_253326646/images/rr.jpg","size":37901,"hash":"O8AXMjx4O0yBKZLgDlDcSPSAaio=","fileName":"rr.jpg","name":"rr","width":549,"height":549,"thumbnail":{"url":"np://user.desktop.nicepage.com/Site_253326646/images/thumbnails/rr.jpg","width":250,"height":250},"folderId":null,"originalUrl":"//images03.nicepage.com/c461c07a441a5d220e8feb1a/1315d23424d4541ca7adc6d4/rr.jpg","usages":["995620922"]},{"id":"user-image-a9dcc2d3-077b-4cbf-35f1-05a7ca2b6438.jpg","publicUrl":"np://user.desktop.nicepage.com/Site_253326646/images/a9dcc2d3-077b-4cbf-35f1-05a7ca2b6438.jpg","size":158791,"hash":"FITwiV9pddlS1xmXCq/WaqB5R94=","fileName":"a9dcc2d3-077b-4cbf-35f1-05a7ca2b6438.jpg","name":"a9dcc2d3-077b-4cbf-35f1-05a7ca2b6438","width":1000,"height":919,"thumbnail":{"url":"np://user.desktop.nicepage.com/Site_253326646/images/thumbnails/a9dcc2d3-077b-4cbf-35f1-05a7ca2b6438.jpg","width":250,"height":230},"folderId":null,"originalUrl":"//images03.nicepage.com/c461c07a441a5d220e8feb1a/04175ff1b3bf5f11a20c0152/a9dcc2d3-077b-4cbf-35f1-05a7ca2b6438.jpg?version=","usages":["995620922"]},{"id":"user-image-ret-min.jpg","publicUrl":"np://user.desktop.nicepage.com/Site_253326646/images/ret-min.jpg","size":39455,"hash":"46HuxwEY74Ek1JpwQKB7mWfV7Z8=","fileName":"ret-min.jpg","name":"ret-min","width":800,"height":921,"thumbnail":{"url":"np://user.desktop.nicepage.com/Site_253326646/images/thumbnails/ret-min.jpg","width":217,"height":250},"folderId":null,"originalUrl":"//images03.nicepage.com/c461c07a441a5d220e8feb1a/75f097b361975b92a095e949/ret-min.jpg","usages":["995620922"]}]