[{"id":171013922,"title":"Blog Template","order":1,"templateKey":"blog","customTemplate":false,"customTemplateFilename":null,"pageLinks":[],"dateCreated":"2024-08-19T16:44:20.593Z","dateUpdated":"2024-08-19T16:44:21.863Z","folderId":null,"pageName":"Blog Template","serverPageId":null,"sectionCount":1,"status":2,"backwardUrl":null},{"id":382208830,"title":"Post Template","order":2,"templateKey":"post","customTemplate":false,"customTemplateFilename":null,"pageLinks":[],"dateCreated":"2024-08-19T16:44:20.708Z","dateUpdated":"2024-08-19T16:44:21.863Z","folderId":null,"pageName":"Post Template","serverPageId":null,"sectionCount":1,"status":2,"backwardUrl":null},{"id":307612374,"title":"Product List Template","order":3,"templateKey":"products","customTemplate":false,"customTemplateFilename":null,"pageLinks":[],"dateCreated":"2024-08-19T16:44:20.833Z","dateUpdated":"2024-08-19T16:44:21.863Z","folderId":null,"pageName":"Product List Template","serverPageId":null,"sectionCount":1,"status":2,"backwardUrl":null},{"id":520613265,"title":"Product Details Template","order":4,"templateKey":"product","customTemplate":false,"customTemplateFilename":null,"pageLinks":[],"dateCreated":"2024-08-19T16:44:20.968Z","dateUpdated":"2024-08-19T16:44:21.864Z","folderId":null,"pageName":"Product Details Template","serverPageId":null,"sectionCount":1,"status":2,"backwardUrl":null},{"id":3000707213,"title":"Shopping Cart Template","order":5,"templateKey":"cart","customTemplate":false,"customTemplateFilename":null,"pageLinks":[],"dateCreated":"2024-08-19T16:44:21.079Z","dateUpdated":"2024-08-19T16:44:21.864Z","folderId":null,"pageName":"Shopping Cart Template","serverPageId":null,"sectionCount":1,"status":2,"backwardUrl":null},{"id":134953794,"title":"Checkout Template","order":6,"templateKey":"checkout","customTemplate":false,"customTemplateFilename":null,"pageLinks":[],"dateCreated":"2024-08-19T16:44:21.231Z","dateUpdated":"2024-08-19T16:44:21.864Z","folderId":null,"pageName":"Checkout Template","serverPageId":null,"sectionCount":1,"status":2,"backwardUrl":null},{"id":1327611819,"title":"Login Template","order":7,"templateKey":"login","customTemplate":false,"customTemplateFilename":null,"pageLinks":[],"dateCreated":"2024-08-19T16:44:21.325Z","dateUpdated":"2024-08-19T16:44:21.864Z","folderId":null,"pageName":"Login Template","serverPageId":null,"sectionCount":1,"status":2,"backwardUrl":null},{"id":546507353,"title":"Page Password Template","order":8,"templateKey":"password","customTemplate":false,"customTemplateFilename":null,"pageLinks":[],"dateCreated":"2024-08-19T16:44:21.391Z","dateUpdated":"2024-08-19T16:44:21.864Z","folderId":null,"pageName":"Page Password Template","serverPageId":null,"sectionCount":1,"status":2,"backwardUrl":null},{"id":64798358,"title":"404 Not Found Template","order":9,"templateKey":"404","customTemplate":false,"customTemplateFilename":null,"pageLinks":[],"dateCreated":"2024-08-19T16:44:21.454Z","dateUpdated":"2024-08-19T16:44:21.864Z","folderId":null,"pageName":"404 Not Found Template","serverPageId":null,"sectionCount":1,"status":2,"backwardUrl":null},{"id":980924215,"title":"Thank You Page Template","order":10,"templateKey":"ThankYou","customTemplate":false,"customTemplateFilename":null,"pageLinks":[],"dateCreated":"2024-08-19T16:44:21.507Z","dateUpdated":"2024-08-19T16:44:21.864Z","folderId":null,"pageName":"Thank You Page Template","serverPageId":null,"sectionCount":1,"status":2,"backwardUrl":null},{"id":995620922,"title":"Home","order":50,"templateKey":null,"customTemplate":false,"customTemplateFilename":null,"pageLinks":["736305336"],"dateCreated":"2024-08-19T16:46:22.163Z","dateUpdated":"2024-08-19T17:46:57.824Z","folderId":null,"pageName":"Home_995620922","serverPageId":null,"sectionCount":7,"status":2,"backwardUrl":null},{"id":736305336,"title":"Contact Us","order":51,"templateKey":null,"customTemplate":false,"customTemplateFilename":null,"pageLinks":[],"dateCreated":"2024-08-19T17:34:45.436Z","dateUpdated":"2024-08-19T18:01:58.830Z","folderId":null,"pageName":"Contact Us_736305336","serverPageId":null,"sectionCount":3,"status":2,"backwardUrl":null}]